show_id,type,title,director,cast,country,date_added,release_year,rating,duration,listed_in,description
s981,TV Show,Bling Empire,,,,"January 15, 2021",2021,TV-MA,1 Season,Reality TV,"Follow LA's wildly wealthy Asian and Asian American fun seekers as they go all out with fabulous parties, glamour and drama in this reality series.",1
s1223,TV Show,Carmen Sandiego,,"Gina Rodriguez, Finn Wolfhard, Abby Trott, Michael Hawley, Michael Goldsmith, Kari Wahlgren, Sharon Muthu, Liam O'Brien, Rafael Petardi, Charlet Chung",United States,"January 15, 2021",2021,TV-Y7,4 Seasons,"Kids' TV, TV Thrillers","A master thief who uses her skills for good, Carmen Sandiego travels the world foiling V.I.L.E.'s evil plans – with help from her savvy sidekicks.",1
s1286,Movie,Charming,Ross Venokur,"Wilmer Valderrama, Demi Lovato, Sia, Nia Vardalos, Ashley Tisdale, Avril Lavigne, G.E.M., John Cleese, Chris Harrison, Dee Bradley Baker, Carlos Alazraqui","Canada, United States, Cayman Islands","January 8, 2021",2021,TV-Y7,85 min,"Children & Family Movies, Comedies","On the eve of his 21st birthday, an adored prince must find his one, true soulmate before a spell takes away all love from his kingdom.",1
s1356,Movie,Chris Rock Total Blackout: The Tamborine Extended Cut,Chris Rock,Chris Rock,,"January 12, 2021",2021,TV-MA,98 min,Stand-Up Comedy,"In this extended cut of his 2018 special, Chris Rock takes the stage for a special filled with searing observations on fatherhood, infidelity and politics.",1
s1441,TV Show,Cobra Kai,,"Ralph Macchio, William Zabka, Xolo Maridueña, Martin Kove, Mary Mouser, Tanner Buchanan, Courtney Henggeler, Jacob Bertrand",United States,"January 1, 2021",2021,TV-14,3 Seasons,"TV Action & Adventure, TV Dramas","Decades after the tournament that changed their lives, the rivalry between Johnny and Daniel reignites in this sequel to the ""Karate Kid"" films.",1
s1515,Movie,"Crack: Cocaine, Corruption & Conspiracy",Stanley Nelson,,United States,"January 11, 2021",2021,TV-MA,90 min,Documentaries,"A cheap, powerful drug emerges during a recession, igniting a moral panic fueled by racism. Explore the complex history of crack in the 1980s.",1
s1529,Movie,"Creating The Queen's Gambit",,,,"January 8, 2021",2021,TV-14,14 min,Documentaries,"A fascinating character. Exquisite sets. A wig for every era. The stars, creators and crew reveal how the hit series about a chess prodigy came to life.",1
s1781,TV Show,Disenchantment,,"Abbi Jacobson, Eric André, Nat Faxon, John DiMaggio, Tress MacNeille, Matt Berry, David Herman, Maurice LaMarche, Lucy Montgomery, Billy West",United States,"January 15, 2021",2021,TV-14,3 Seasons,"TV Action & Adventure, TV Comedies, TV Sci-Fi & Fantasy","Princess duties call, but she'd rather be drinking. Free-spirited Bean exasperates the king as she wreaks havoc with her demon and elf pals.",1
s1865,TV Show,Dream Home Makeover,,,United States,"January 1, 2021",2021,TV-G,2 Seasons,Reality TV,"Dreams come true for real families looking for the perfect home tailored to their own unique style, thanks to Shea and Syd McGee of Studio McGee.",1
s2328,TV Show,"Gabby's Dollhouse",,"Laila Lockhart Kraner, Tucker Chandler, Juliet Donenfeld, Maggi Lowe, Donovan Patton, Eduardo Franco, Tara Strong, Secunda Wood, Carla Tassara, Sainty Nelsen",,"January 5, 2021",2021,TV-Y,1 Season,"Kids' TV","Cute cats, quirky crafts and colorful magic! Join kitty enthusiast Gabby and her sidekick Pandy Paws as they team up for a series of animated adventures.",1
s2673,TV Show,Headspace Guide to Meditation,,Andy Puddicombe,United States,"January 1, 2021",2021,TV-G,1 Season,"Docuseries, Science & Nature TV","Headspace takes a friendly, animated look at the benefits of meditation while offering techniques and guided meditations to jump-start your practice.",1
s2742,TV Show,Hilda,,"Bella Ramsey, Ameerah Falzon-Ojo, Oliver Nelson, Daisy Haggard, Rasmus Hardiker","United Kingdom, Canada, United States","December 14, 2020",2021,TV-Y7,2 Seasons,"Kids' TV","Fearless, free-spirited Hilda finds new friends, adventure and magical creatures when she leaves her enchanted forest home and journeys to the city.",1
s2754,TV Show,History of Swear Words,,Nicolas Cage,United States,"January 5, 2021",2021,TV-MA,1 Season,"Docuseries, TV Comedies","Nicolas Cage hosts this proudly profane, funny and engagingly educational series about the history and impact of the most notorious English swear words.",1
s3019,TV Show,Inside the World’s Toughest Prisons,,Paul Connolly,United Kingdom,"January 8, 2021",2021,TV-MA,5 Seasons,"British TV Shows, Crime TV Shows, Docuseries","Investigative journalist Paul Connolly becomes a voluntary inmate in the world's most volatile prisons, where intimidation and brutality rule.",1
s3823,TV Show,Lupin,,"Omar Sy, Ludivine Sagnier, Clotilde Hesme, Nicole Garcia, Hervé Pierre, Soufiane Guerrab, Antoine Gouy, Fargass Assandé, Vincent Londez, Shirine Boutella",United States,"January 8, 2021",2021,TV-MA,1 Season,"Crime TV Shows, International TV Shows, TV Action & Adventure","Inspired by the adventures of Arsène Lupin, gentleman thief Assane Diop sets out to avenge his father for an injustice inflicted by a wealthy family.",1
s4087,TV Show,Mighty Little Bheem: Kite Festival,,"Sumruddhi Shukla, Aranya Kaur, Nishka Raheja",India,"January 8, 2021",2021,TV-Y,1 Season,"Kids' TV, TV Comedies","With winter behind them, Bheem and his townspeople usher in a sunny new season in all their favorite ways during the Makar Sankranti festival.",1
s4174,TV Show,Monarca,,"Irene Azuela, Juan Manuel Bernal, Osvaldo Benavides, Rosa María Bianchi, Antonio de la Vega, Luis Rábago, Sophie Gómez, James Hyde, Carla Adell, Regina Pavón, Dalí González, Alejandro de Hoyos Parera, José Manuel Rincón, Daniela Schmidt, Gabriela de la Garza",Mexico,"January 1, 2021",2021,TV-MA,2 Seasons,"International TV Shows, Spanish-Language TV Shows, TV Dramas","After 20 years, Ana María returns to Mexico and vies for control of her family's tequila empire as it threatens to crumble under corruption and secrets.",1
s4391,TV Show,Nailed It! Mexico,,"Omar Chaparro, Anna Ruiz","Mexico, United States","January 5, 2021",2021,TV-PG,3 Seasons,"International TV Shows, Reality TV, Spanish-Language TV Shows","The fun, fondant and hilarious cake fails head to Mexico, where very amateur bakers compete to re-create elaborate sweet treats for a cash prize.",1
s4469,TV Show,Night Stalker: The Hunt for a Serial Killer,Tiller Russell,,,"January 13, 2021",2021,TV-MA,1 Season,"Crime TV Shows, Docuseries","Beneath the sunlit glamour of 1985 LA lurks a relentlessly evil serial killer. In this true-crime story, two detectives won't rest until they catch him.",1
s4711,Movie,Outside the Wire,Mikael Håfström,"Anthony Mackie, Damson Idris, Emily Beecham, Michael Kelly, Pilou Asbæk",,"January 15, 2021",2021,R,116 min,Action & Adventure,"In the near future, a drone pilot sent into a war zone finds himself paired with a top-secret android officer on a mission to stop a nuclear attack.",1
s4966,TV Show,Pretend It’s a City,,Fran Lebowitz,United States,"January 8, 2021",2021,TV-14,1 Season,Docuseries,"Wander the New York City streets and fascinating mind of wry writer, humorist and raconteur Fran Lebowitz as she sits down with Martin Scorsese.",1
s5104,Movie,Ratones Paranoicos: The Band that Rocked Argentina,"Alejandro Ruax, Ramiro Martínez","Juan Sebastián Gutiérrez, Pablo Cano, Pablo Memi, Roy Quiroga",,"January 6, 2021",2021,TV-MA,76 min,"Documentaries, International Movies, Music & Musicals","The irrepressible Ratones Paranoicos, Argentina's most enduring rock band, are featured in vintage concert and backstage footage as their story's told.",1
s5860,Movie,Stuck Apart,,"Engin Günaydın, Haluk Bilginer, Binnur Kaya, Öner Erkan, İrem Sak, Fatih Artman, Gülçin Santırcıoğlu, İlker Aksum, Hülya Duyar, Göktuğ Yıldırım, Helin Kandemir",Turkey,"January 8, 2021",2021,TV-MA,97 min,"Comedies, Dramas, International Movies","Entrenched in a midlife crisis, Aziz seeks solace from his mundane job, lonesome friends and rowdy family while pretending to have his act together.",1
s5922,TV Show,Surviving Death,,,United States,"January 6, 2021",2021,TV-MA,1 Season,"Docuseries, Reality TV","What happens after we die? This docuseries explores personal stories and research on near-death experiences, reincarnation and paranormal phenomena.",1
s6478,TV Show,The Idhun Chronicles,Maite Ruiz De Austri,"Michelle Jenner, Itzan Escamilla, Sergio Mur, Nico Romero, Carlos Cuevas",Spain,"January 8, 2021",2021,TV-14,2 Seasons,"Anime Series, International TV Shows, Spanish-Language TV Shows","A boy suddenly orphaned fights his parents' killer to save a planet, and discovers a new world of danger — and wonder.",1
s6671,Movie,The Minimalists: Less Is Now,,,United States,"January 1, 2021",2021,TV-14,54 min,Documentaries,"They've built a movement out of minimalism. Longtime friends Joshua Fields Millburn and Ryan Nicodemus share how our lives can be better with less.",1
s6702,TV Show,The Netflix Afterparty,,"David Spade, London Hughes, Fortune Feimster",United States,"January 2, 2021",2021,TV-MA,1 Season,"Stand-Up Comedy & Talk Shows, TV Comedies","Hosts David Spade, Fortune Feimster and London Hughes welcome guests from the newest and biggest Netflix titles for fun conversations, skits and more.",1
s7221,Movie,Tribhanga - Tedhi Medhi Crazy,Renuka Shahane,"Kajol, Tanvi Azmi, Mithila Palkar, Kunaal Roy Kapur, Vaibhav Tatwawaadi, Kanwaljeet Singh, Manav Gohil, Shweta Mehendale",,"January 15, 2021",2021,TV-MA,96 min,"Dramas, International Movies","When her estranged mother falls into a coma, a self-made single mom grapples with regret and resentment while reflecting on their strained relationship.",1
s7552,Movie,What Happened to Mr. Cha?,Kim Dong-kyu,"Cha In-pyo, Cho Dal-hwan, Song Jae-ryong",South Korea,"January 1, 2021",2021,TV-MA,102 min,"Comedies, International Movies","With the peak of his career long behind him, an actor clings to his past glory — until a sudden wake-up call forces him to face who he's become.",1
s7570,Movie,What Would Sophia Loren Do?,Ross Kauffman,"Nancy ""Vincenza Careri"" Kulik, Sophia Loren",United States,"January 15, 2021",2021,TV-14,32 min,Documentaries,"In this delightful short documentary, an Italian American grandmother and film buff finds strength and joy in the life of her screen idol, Sophia Loren.",1
s7645,Movie,Wish You,Sung Do-jun,"Kang In-soo, Lee Sang, Soo-bin",,"January 15, 2021",2021,TV-PG,102 min,"Dramas, International Movies, LGBTQ Movies","Singing and dreaming together, a talented singer-songwriter and a same-aged keyboardist add harmony and love to each other’s lives.",1
s1,TV Show,3%,,"João Miguel, Bianca Comparato, Michel Gomes, Rodolfo Valente, Vaneza Oliveira, Rafael Lozano, Viviane Porto, Mel Fronckowiak, Sergio Mamberti, Zezé Motta, Celso Frateschi",Brazil,"August 14, 2020",2020,TV-MA,4 Seasons,"International TV Shows, TV Dramas, TV Sci-Fi & Fantasy","In a future where the elite inhabit an island paradise far from the crowded slums, you get one chance to join the 3% saved from squalor.",1
s25,TV Show,​SAINT SEIYA: Knights of the Zodiac,,"Bryson Baugus, Emily Neves, Blake Shepard, Patrick Poole, Luci Christian, Adam Gibbs, Masakazu Morita, Fumiko Orikasa, Takahiro Sakurai, Hiroaki Miura, Satomi Sato, Katsuyuki Konishi",Japan,"January 23, 2020",2020,TV-14,2 Seasons,"Anime Series, International TV Shows","Seiya and the Knights of the Zodiac rise again to protect the reincarnation of the goddess Athena, but a dark prophecy hangs over them all.",1
s27,TV Show,(Un)Well,,,United States,"August 12, 2020",2020,TV-MA,1 Season,Reality TV,"This docuseries takes a deep dive into the lucrative wellness industry, which touts health and healing. But do the products live up to the promises?",1
s28,Movie,#Alive,Cho Il,"Yoo Ah-in, Park Shin-hye",South Korea,"September 8, 2020",2020,TV-MA,99 min,"Horror Movies, International Movies, Thrillers","As a grisly virus rampages a city, a lone man stays locked inside his apartment, digitally cut off from seeking help and desperate to find a way out.",1
s30,TV Show,#blackAF,,"Kenya Barris, Rashida Jones, Iman Benson, Genneya Walton, Scarlet Spencer, Justin Claiborne, Ravi Cabot-Conyers",United States,"April 17, 2020",2020,TV-MA,1 Season,TV Comedies,"Kenya Barris and his family navigate relationships, race and culture while grappling with their newfound success in this comedy series.",1
s31,Movie,#cats_the_mewvie,Michael Margolis,,Canada,"February 5, 2020",2020,TV-14,90 min,"Documentaries, International Movies","This pawesome documentary explores how our feline friends became online icons, from the earliest text memes to the rise of celebrity cat influencers.",1
s33,Movie,#FriendButMarried 2,Rako Prijanto,"Adipati Dolken, Mawar de Jongh, Sari Nila, Vonny Cornellya, Clay Gribble, Ivan Leonardy, Sarah Sechan, Jourdy Pranata",Indonesia,"June 28, 2020",2020,TV-G,104 min,"Dramas, International Movies, Romantic Movies","As Ayu and Ditto finally transition from best friends to newlyweds, a quick pregnancy creates uncertainty for the future of their young marriage.",1
s44,Movie,Òlòtūré,Kenneth Gyang,"Beverly Osu, Sharon Ooja, Omowunmi Dada, Pearl Okorie, Wofai Samuel, Ikechukwu Onunaku, Kemi Lala Akindoju, Blossom Chukwujekwu, Adebukola Oladipupo, Omoni Oboli, Segun Arinze, Ada Ameh, Sambasa Nzeribe, Patrick Doyle, Gregory Ojefua",Nigeria,"October 2, 2020",2020,TV-MA,107 min,"Dramas, International Movies","In Lagos, a journalist goes undercover as a prostitute to expose human trafficking. What she finds is a world of exploited women and ruthless violence.",1
s54,TV Show,100 Humans,,"Zainab Johnson, Sammy Obeid, Alie Ward",United States,"March 13, 2020",2020,TV-14,1 Season,"Docuseries, Science & Nature TV","One hundred hardy souls from diverse backgrounds participate in playful experiments exploring age, sex, happiness and other aspects of being human.",1
s58,Movie,100% Halal,Jastis Arimba,"Anisa Rahma, Ariyo Wahab, Anandito Dwis, Fitria Rasyidi, Arafah Rianti, Kinaryosih",Indonesia,"January 7, 2021",2020,TV-14,101 min,"Dramas, International Movies","After high school, a young woman marries the man of her father's choice but soon faces the possibility that her religion considers the union invalid.",1
s64,TV Show,13 Reasons Why,,"Dylan Minnette, Katherine Langford, Kate Walsh, Derek Luke, Brian d'Arcy James, Alisha Boe, Christian Navarro, Miles Heizer, Ross Butler, Devin Druid, Michele Selene Ang, Steven Silver, Amy Hargreaves",United States,"June 5, 2020",2020,TV-MA,4 Seasons,"Crime TV Shows, TV Dramas, TV Mysteries","After a teenage girl's perplexing suicide, a classmate receives a series of tapes that unravel the mystery of her tragic choice.",1
s74,Movie,18 Presents,Francesco Amato,"Vittoria Puccini, Benedetta Porcaroli, Edoardo Leo, Sara Lazzaro, Marco Messeri, Betty Pedrazzi, Alessandro Giallocosta, Filippo Gili, Giacomo Rosselli",Italy,"May 8, 2020",2020,TV-MA,114 min,"Dramas, Independent Movies, International Movies",A pregnant mother with terminal cancer leaves behind 18 sentimental gifts for her unborn daughter to receive every birthday until she reaches womanhood.,1
s107,Movie,365 Days,"Barbara Białowąs, Tomasz Mandes","Anna-Maria Sieklucka, Michele Morrone, Bronisław Wrocławski, Otar Saralidze, Magdalena Lamparska, Natasza Urbańska, Grażyna Szapołowska, Tomasz Stockinger, Gianni Parisi, Mateusz Łasowski",Poland,"June 7, 2020",2020,TV-MA,114 min,"Dramas, International Movies, Romantic Movies","A fiery executive in a spiritless relationship falls victim to a dominant mafia boss, who imprisons her and gives her one year to fall in love with him.",1
s108,Movie,37 Seconds,Hikari,"Mei Kayama, Misuzu Kanno, Shunsuke Daitoh, Makiko Watanabe, Yoshihiko Kumashino, Minori Hagiwara, Shohei Uno, Yuka Itaya, Kiyohiko Shibukawa, Eita Okuno, Haruka Imou, Toshinori Omi",Japan,"January 31, 2020",2020,TV-MA,116 min,"Dramas, International Movies","Trapped by society and familial obligations, a young manga artist goes on an unconventional journey for sexual freedom and personal liberation.",1
s142,TV Show,7SEEDS,,"Nao Toyama, Jun Fukuyama, Katsuyuki Konishi, Yoko Soumi, Kana Asumi, Akira Ishida, Aoi Yuki, Kazuhiko Inoue, Yoko Hikasa, Hirofumi Nojima, Ryotaro Okiayu, Eri Kitamura, Mamiko Noto, Ryo Hirohashi, Shizuka Ito, Hisao Egawa, Mayumi Asano, Kenta Miyake, Ai Kakuma, Kaito Ishikawa, Mikako Komatsu, Daisuke Sakaguchi, Takanori Hoshino, Kenjiro Tsuda, Nozomu Sasaki, Kenji Nojima, Houko Kuwashima, Kensho Ono, Takahiro Sakurai, Haruka Chisuga, Yu Shimamura, Takuma Terashima, Takuya Sato, Junko Minagawa, Masashi Sugawara, Sho Hayami, Kazuyuki Okitsu, Minako Kotobuki",,"March 26, 2020",2020,TV-MA,2 Seasons,"Anime Series, International TV Shows","Shy Natsu awakens as part of a group chosen to ensure the survival of humanity. Together, they have to survive on a changed Earth.",1
s148,Movie,"A Babysitter's Guide to Monster Hunting",Rachel Talalay,"Tamara Smart, Oona Laurence, Tom Felton, Troy Leigh-Anne Johnson, Lynn Masako Cheng, Ty Consiglio, Ian Ho, Indya Moore, Alessio Scalzotto, Tamsen McDonough",United States,"October 15, 2020",2020,TV-PG,99 min,Children & Family Movies,"Recruited by a secret society of babysitters, a high schooler battles the Boogeyman and his monsters when they nab the boy she's watching on Halloween.",1
s155,Movie,A California Christmas,Shaun Paul Piccinino,"Lauren Swickard, Josh Swickard, Ali Afshar, David Del Rio, Natalia Mann, Katelyn Epperly, Gunnar Anderson, Julie Lancaster, Amanda Detmer",United States,"December 14, 2020",2020,PG-13,107 min,"Comedies, Romantic Movies","With his carefree lifestyle on the line, a wealthy charmer poses as a ranch hand to get a hardworking farmer to sell her family’s land before Christmas.",1
s158,Movie,A Choo,"Kevin Ko, Peter Tsi","Kai Ko, Ariel Lin, Darren Wang, Zhang Xiaolong, Louis Koo, Vanness Wu, Kate Tsui",Taiwan,"October 14, 2020",2020,TV-14,101 min,"Action & Adventure, International Movies, Romantic Movies","Determined to win the heart of his childhood crush from orphanage, EJ becomes a boxer with superpowers and soon confronts a formidable villain.",1
s169,Movie,A Fall from Grace,Tyler Perry,"Crystal Fox, Phylicia Rashad, Cicely Tyson, Bresha Webb, Mehcad Brooks, Adrian Pasdar, Tyler Perry",United States,"January 17, 2020",2020,TV-MA,121 min,"Dramas, Thrillers","When gentle, law-abiding Grace confesses to killing her new husband, her skeptical young lawyer sets out to uncover the truth. A film by Tyler Perry.",1
s178,Movie,A Go! Go! Cory Carson Christmas,"Stanley Moore, Alex Woo","Alan C. Lim, Taron C. Hensley, Maisie Benson, Kerry Gudjohnsen, Paul Killam, Smith Foreman, Ann Kendrick, Ella Joy Ballesteros, Neena-Sinaii Simpo, Eli Morse",United States,"November 27, 2020",2020,TV-Y,22 min,Children & Family Movies,"When a familiar-looking stranger crashes in without a memory, Cory helps him remember the magic of Christmas to save the holiday for everyone.",1
s179,Movie,A Go! Go! Cory Carson Halloween,"Alex Woo, Stanley Moore","Alan C. Lim, Smith Foreman, Maisie Benson, Ann Kendrick, Kerry Gudjohnsen, Paul Killam, Stanley Moore, Tyler Hendrix, Ella Joy Ballesteros, Jimmy Olea",,"October 2, 2020",2020,TV-Y,22 min,Children & Family Movies,"Cory, Chrissy and Freddie are on the hunt for king-sized candy bars this Halloween! But are all the treats worth the trek to the spooky side of town?",1
s180,Movie,A Go! Go! Cory Carson Summer Camp,"Stanley Moore, Alex Woo","Alan C. Lim, Smith Foreman, Abigail Vibat, Pfifer Chastain, Jim Capobianco, Neena-Sinaii Simpo, Eli Morse, Adelaide Hirasaki, Paul Killam, Kerry Gudjohnsen, Maisie Benson",,"August 4, 2020",2020,TV-Y,21 min,Children & Family Movies,"Cory's spending the summer at Camp Friendship with his best friend, Freddie. But jealousy flares when Freddie brings his cousin Rosie along for the ride.",1
s195,Movie,A Life of Speed: The Juan Manuel Fangio Story,Francisco Macri,,Argentina,"March 20, 2020",2020,TV-14,93 min,"Documentaries, International Movies, Sports Movies","Juan Manuel Fangio was the Formula One king, winning five world championships in the early 1950s — before protective gear or safety features were used.",1
s200,TV Show,A Love So Beautiful,,"Kim Yo-han, So Joo-yeon, Yeo Hoi-hyun, Jeong Jin-hwan, Jo Hye-joo, Yun Seo-hyun, Cho Ryun, Kim Sung-gon, Seong Hye-min, Park Ji-won",South Korea,"December 28, 2020",2020,TV-PG,1 Season,"International TV Shows, Romantic TV Shows, TV Comedies","Love is as tough as it is sweet for a lovestruck teenager, whose relationship with her next-door neighbor transforms as they grow into adulthood.",1
s201,Movie,A Love Song for Latasha,Sophia Nahli Allison,,United States,"September 21, 2020",2020,TV-PG,20 min,Documentaries,"The killing of Latasha Harlins became a flashpoint for the 1992 LA uprising. This documentary evocatively explores the 15-year-old's life and dreams.",1
s210,Movie,A New York Christmas Wedding,Otoja Abit,"Nia Fairweather, Chris Noth, Cooper Koch, Tyra Ferrell, Denny Dillon, Adriana DeMeo, Otoja Abit, David Anzuelo, Camilla Harden, Natasha Goodman, Avery Whitted, Tony D. Head, Joe Perrino",United States,"November 5, 2020",2020,TV-MA,90 min,"Dramas, LGBTQ Movies, Romantic Movies","As her wedding nears, a bride-to-be is visited by an angel who reveals what could have been if she'd followed feelings for her childhood best friend.",1
s214,TV Show,A Perfect Crime,,,Germany,"September 25, 2020",2020,TV-14,1 Season,"Crime TV Shows, Docuseries, International TV Shows","This docuseries investigates the 1991 killing of politician Detlev Rohwedder, an unsolved mystery at the heart of Germany's tumultuous reunification.",1
s219,TV Show,A Queen Is Born,Carla Barros,"Gloria Groove, Alexia Twister",Brazil,"November 11, 2020",2020,TV-14,1 Season,"International TV Shows, Reality TV",Gloria Groove and Alexia Twister make drag dreams come true as they help six artists find the confidence to own the stage in this makeover show.,1
s224,Movie,A Secret Love,Chris Bolan,,United States,"April 29, 2020",2020,TV-14,83 min,"Documentaries, LGBTQ Movies","Amid shifting times, two women kept their decades-long love a secret. But coming out later in life comes with its own set of challenges.",1
s228,Movie,A Shaun the Sheep Movie: Farmageddon,"Richard Phelan, Will Becher","Justin Fletcher, John Sparkes, Amalia Vitale, Kate Harbour, David Holt","United Kingdom, France, Belgium, United States, China","February 14, 2020",2020,G,87 min,"Children & Family Movies, Comedies",Shaun and the flock race to help an adorable alien find her way home after her ship crash-lands near Mossy Bottom Farm and sparks a UFO frenzy.,1
s243,Movie,A Trash Truck Christmas,Eddie Rosas,"Henry Keane, Glen Keane, Lucas Neff, Brian Baumgartner, Jackie Loeb, John DiMaggio",,"December 11, 2020",2020,TV-Y,28 min,Children & Family Movies,"When Santa crash-lands in the junkyard on Christmas Eve, Hank, Trash Truck and their animal friends all have a hand in rescuing the holiday for everyone.",1
s245,Movie,A truthful Mother,Ravishankar Venkateswaran,"Revathi, Roger Narayanan, Sneha Ravishankar, Vidya Shankar, SR Leela",India,"March 31, 2020",2020,TV-Y7,85 min,Children & Family Movies,"Facing a drought, a hungry tiger and a noble cow have an extraordinary encounter in this fable based on a children’s book and a Kannada folk song.",1
s254,Movie,A Whisker Away,"Junichi Sato, Tomotaka Shibayama","Mirai Shida, Natsuki Hanae, Hiroaki Ogi, Koichi Yamadera, Minako Kotobuki, Susumu Chiba, Ayako Kawasumi, Sayaka Ohara, Daisuke Namikawa",Japan,"June 18, 2020",2020,TV-PG,104 min,"Anime Features, Children & Family Movies, International Movies","A peculiar girl transforms into a cat to catch her crush's attention. But before she realizes it, the line between human and animal starts to blur.",1
s290,TV Show,Absurd Planet,,Afi Ekulona,United States,"April 22, 2020",2020,TV-PG,1 Season,"Docuseries, Science & Nature TV, TV Comedies","A cast of quirky critters and Mother Nature herself narrate this funny science series, which peeks into the lives of Earth’s most incredible animals.",1
s305,Movie,Adú,Salvador Calvo,"Luis Tosar, Anna Castillo, Álvaro Cervantes, Miquel Fernández, Jesús Carroza, Moustapha Oumarou, Adam Nourou, Zayidiyya Dissou, Ana Wagener, Nora Navas",Spain,"July 1, 2020",2020,TV-MA,120 min,"Dramas, International Movies","Near a Spanish town in northern Africa, a child takes a painful journey, a father reconnects with his daughter and a coast guard is guilt stricken.",1
s321,Movie,Afonso Padilha: Classless,"Junior Carelli, Rudge Campos",Afonso Padilha,Brazil,"September 3, 2020",2020,TV-MA,63 min,Stand-Up Comedy,Brazilian comedian Afonso Padilha dives into his humble beginnings and digs out hilarious stories about his childhood in this very personal set.,1
s325,TV Show,After Life,,"Ricky Gervais, Tom Basden, Tony Way, Diane Morgan, Mandeep Dhillon, David Bradley, Ashley Jensen, Kerry Godliman",United Kingdom,"April 24, 2020",2020,TV-MA,2 Seasons,"British TV Shows, International TV Shows, TV Comedies","Struggling to come to terms with his wife's death, a writer for a newspaper adopts a gruff new persona in an effort to push away those trying to help.",1
s330,Movie,After We Collided,Roger Kumble,"Josephine Langford, Hero Fiennes Tiffin, Dylan Sprouse, Selma Blair, Louise Lombard, Shane Paul McGhie, Candice King, Charlie Weber, Khadijha Red Thunder, Inanna Sarkis, Pia Mia, Samuel Larsen, Dylan Arnold, Karimah Westbrook, Rob Estes",United States,"December 22, 2020",2020,R,105 min,"Dramas, Romantic Movies","Tessa fell hard and fast for Hardin, but after a betrayal tears them apart, she must decide whether to move on — or trust him with a second chance.",1
s342,TV Show,Aggretsuko,,"Kaolip, Komegumi Koiwasaki, Maki Tsuruta, Sohta Arai, Rina Inoue, Shingo Kato, Yuki Takahashi",Japan,"August 27, 2020",2020,TV-14,3 Seasons,"Anime Series, International TV Shows","Frustrated with her thankless office job, Retsuko the Red Panda copes with her daily struggles by belting out death metal karaoke after work.",1
s352,Movie,Ainu Mosir,Takeshi Fukunaga,"Kanto Shimokura, Debo Akibe, Emi Shimokura, Toko Miura, Lily Franky","United States, Japan","November 17, 2020",2020,TV-PG,84 min,"Dramas, International Movies",A sensitive Ainu teen searches for a spiritual connection with his recently deceased dad while navigating his indigenous identity in a changing world.,1
s353,Movie,Airplane Mode,César Rodrigues,"Larissa Manoela, André Luiz Frambach, Erasmo Carlos, Mariana Amâncio, Amanda Orestes, Eike Duarte, Nayobe Nzainab, Katiuscia Canoro, Phellyx Moura, Dani Ornellas, Michel Bercovitch, Sílvia Lourenço",United States,"January 23, 2020",2020,TV-PG,97 min,"Comedies, International Movies, Romantic Movies","When Ana, an influencer, crashes her car while talking on the phone, she’s shipped to her grumpy grandfather's farm – and forced into a digital detox.",1
s358,TV Show,AJ and the Queen,,"RuPaul Charles, Izzy G., Michael-Leon Wooley, Josh Segarra, Katerina Tannenbaum, Tia Carrere",United States,"January 10, 2020",2020,TV-14,1 Season,"TV Comedies, TV Dramas","While traveling across the country in a run-down RV, drag queen Ruby Red discovers an unlikely sidekick in AJ: a tough-talking 10-year-old stowaway.",1
s363,Movie,AK vs AK,Vikramaditya Motwane,"Anil Kapoor, Anurag Kashyap",India,"December 25, 2020",2020,TV-MA,109 min,"Comedies, Dramas, International Movies","After a public spat with a movie star, a disgraced director retaliates by kidnapping the actor’s daughter, filming the search for her in real time.",1
s369,Movie,Ala Vaikunthapurramuloo,Trivikram Srinivas,"Allu Arjun, Pooja Hegde, Tabu, Sushanth, Nivetha Pethuraj, Jayaram, Murli Sharma",India,"February 27, 2020",2020,TV-14,162 min,"Action & Adventure, Comedies, Dramas","After growing up enduring criticism from his father, a young man finds his world shaken upon learning he was switched at birth with a millionaire’s son.",1
s379,Movie,Alex Fernández: The Best Comedian in the World,Alex Díaz,Alex Fernández,Mexico,"January 23, 2020",2020,TV-MA,51 min,Stand-Up Comedy,Comic Alex Fernández performs his familiar autobiographical stories but goes a little deeper this time with a tender tale about one of his six siblings.,1
s381,TV Show,Alexa & Katie,,"Paris Berelc, Isabel May, Tiffani Thiessen, Emery Kelly, Jolie Jenkins, Kerri Medders, Finn Carr, Eddie Shin",United States,"June 13, 2020",2020,TV-G,4 Seasons,"Kids' TV, TV Comedies","Alexa is battling cancer. But with her best friend, Katie, by her side, she's also starting high school – and ready for whatever comes next.",1
s394,TV Show,Alice in Borderland,,"Kento Yamazaki, Tao Tsuchiya, Nijiro Murakami, Yuki Morinaga, Keita Machida, Ayaka Miyoshi, Dori Sakurada, Aya Asahina, Shuntaro Yanagi, Yutaro Watanabe, Ayame Misaki, Mizuki Yoshida, Tsuyoshi Abe, Nobuaki Kaneko, Sho Aoyagi, Riisa Naka",Japan,"December 10, 2020",2020,TV-MA,1 Season,"International TV Shows, TV Action & Adventure, TV Mysteries","An aimless gamer and his two friends find themselves in a parallel Tokyo, where they're forced to compete in a series of sadistic games to survive.",1
s397,TV Show,Alien TV,,"Rob Tinkler, Julie Lemieux, John Cleland, Kyle Dooley, Rupert Degas",,"August 21, 2020",2020,TV-Y7,1 Season,"Kids' TV, TV Comedies","Alien reporters Ixbee, Pixbee and Squee travel to a lovely but odd planet called Earth, where they attempt to make sense of humans and their hobbies.",1
s399,TV Show,Alien Worlds,,,United Kingdom,"December 2, 2020",2020,TV-PG,1 Season,"British TV Shows, Docuseries, International TV Shows","Applying the laws of life on Earth to the rest of the galaxy, this series blends science fact and fiction to imagine alien life on other planets.",1
s400,Movie,Alien Xmas,Stephen Chiodo,"Keythe Farley, Dee Bradley Baker, Kaliayh Rhambo, Michelle Deco, Barbara Goodson",United States,"November 20, 2020",2020,TV-Y,42 min,Children & Family Movies,"A young elf mistakes a tiny alien for a Christmas gift, not knowing her new plaything has plans to destroy Earth's gravity — and steal all the presents.",1
s407,Movie,All Because of You,Adrian Teh,"Hairul Azreen, Janna Nick, Amerul Affendi, Henley Hii, Nam Ron, Theebaan Govindasamy, Taufiq Hanafi, Hafizul Kamal, Josiah Hogan, Sophia Albarakbah, Sugeeta Chandran, Anna Jobling",Malaysia,"October 1, 2020",2020,TV-PG,102 min,"Action & Adventure, Comedies, International Movies","After falling for a guest, an unsuspecting hotel staff becomes embroiled in a hostage scheme and discovers true love in an unlikely place.",1
s408,Movie,All Day and a Night,Joe Robert Cole,"Jeffrey Wright, Ashton Sanders, Regina Taylor, Yahya Abdul-Mateen II, Isaiah John, Kelly Jenrette, Shakira Ja-nai Paye",United States,"May 1, 2020",2020,R,122 min,"Dramas, Independent Movies","While serving life in prison, a young man looks back at the people, the circumstances and the system that set him on the path toward his crime.",1
s410,TV Show,All For Love,,"Ana María Estupiñán, Carlos Torres, Yuri Vargas, Jim Muñoz, Julio Sánchez Cóccaro, Alina Lozano, Valeria Gálviz, Juan Millán, Juan del Río, Mario Duarte",Colombia,"June 26, 2020",2020,TV-MA,1 Season,"International TV Shows, Romantic TV Shows, Spanish-Language TV Shows","A penniless country boy goes in search of his runaway sister in Bogotá, where he falls for an aspiring singer, but gets tangled up in organized crime.",1
s419,Movie,All The Bright Places,Brett Haley,"Elle Fanning, Justice Smith, Luke Wilson, Keegan-Michael Key, Alexandra Shipp, Lamar Johnson, Virginia Gardner, Kelli O'Hara, Felix Mallard, Sofia Hasmik",United States,"February 28, 2020",2020,TV-MA,109 min,"Dramas, Romantic Movies",Two teens facing personal struggles form a powerful bond as they embark on a cathartic journey chronicling the wonders of Indiana.,1
s421,Movie,All the Freckles in the World,Yibrán Asuad,"Hánssel Casillas, Loreto Peralta, Andrea Sutton, Luis De La Rosa, Alejandro Flores, Anajosé Aldrete, Daniel Haddad, Montserrat Marañón, Juan Carlos Viana Prieto, Hernán Del Riego",Mexico,"January 3, 2020",2020,TV-14,90 min,"Comedies, International Movies, Romantic Movies",Thirteen-year-old José Miguel is immune to 1994 World Cup fever until he realizes soccer is the only way to win the heart of his crush.,1
s423,Movie,All Together Now,Brett Haley,"Auli'i Cravalho, Justina Machado, Rhenzy Feliz, Fred Armisen, Carol Burnett, Judy Reyes, Taylor Richardson, C.S. Lee, Anthony Jacques",United States,"August 29, 2020",2020,PG,94 min,Dramas,"An optimistic, talented teen clings to a huge secret: She's homeless and living on a bus. When tragedy strikes, can she learn to accept a helping hand?",1
s427,TV Show,Almost Happy,Hernán Guerschuny,"Sebastián Wainraich, Natalie Pérez, Santiago Korovsky",Argentina,"May 2, 2020",2020,TV-MA,1 Season,"International TV Shows, Spanish-Language TV Shows, TV Comedies","Sebastián is a radio show host of modest fame, trying to find a way in the world as he deals with his ex-wife (whom he still loves) and two kids.",1
s428,Movie,Almost Love,Mike Doyle,"Scott Evans, Augustus Prew, Kate Walsh, Michelle Buteau, Zoë Chao, Patricia Clarkson, Colin Donnell, Christopher Gray",United States,"August 2, 2020",2020,TV-MA,92 min,"Comedies, Dramas, Independent Movies",A close crew of striving New Yorkers experiences both joy and heartache in their romantic and professional lives.,1
s438,TV Show,Altered Carbon,,"Joel Kinnaman, James Purefoy, Martha Higareda, Renée Elise Goldsberry, Dichen Lachman, Will Yun Lee, Kristin Lehman, Chris Conner, Ato Essandoh, Tamara Taylor, Byron Mann",United States,"February 27, 2020",2020,TV-MA,2 Seasons,"Crime TV Shows, TV Action & Adventure, TV Dramas","After 250 years on ice, a prisoner returns to life in a new body with one chance to win his freedom: by solving a mind-bending murder.",1
s439,Movie,Altered Carbon: Resleeved,"Takeru Nakajima, Yoshiyuki Okada","Tatsuhisa Suzuki, Rina Satou, Ayaka Asai, Jouji Nakata, Kenji Yamauchi, Kanehira Yamamoto, Koji Ishii","Japan, United States","March 19, 2020",2020,TV-MA,75 min,"Action & Adventure, Anime Features, International Movies","On the planet Latimer, Takeshi Kovacs must protect a tattooist while investigating the death of a yakuza boss alongside a no-nonsense CTAC.",1
s471,Movie,American Murder: The Family Next Door,Jenny Popplewell,,United States,"September 30, 2020",2020,TV-MA,84 min,Documentaries,"Using raw, firsthand footage, this documentary examines the disappearance of Shanann Watts and her children, and the terrible events that followed.",1
s473,Movie,"American Pie 9: Girls' Rules",Mike Elliott,"Madison Pettis, Lizze Broadway, Piper Curda, Natasha Behnam, Darren Barnet, Sara Rue, Zachary Gordon, Camaron Engels, Christian Valderrama, Zayne Emory",United States,"October 6, 2020",2020,R,96 min,Comedies,Four tight-knit high school seniors vow to turn their love lives around by homecoming when the arrival of a new student muddles their plans.,1
s498,Movie,An Unremarkable Christmas,Juan Camilo Pinzon,"Antonio Sanint, Luis Eduardo Arango, María Cecilia Sánchez, Mariana Gómez, Julián Cerati, Aura Cristina Geithener, Biassini Segura, Lina Tejeiro, Julio César Herrera, Christian Villamil",Colombia,"December 17, 2020",2020,TV-14,83 min,"Comedies, Dramas, International Movies","An accountant and aspiring magician invites his boss to spend Christmas with his family — unaware that he's one of Colombia's most-wanted criminals.",1
s510,Movie,Andhaghaaram,V Vignarajan,"Vinoth Kishan, Arjun Das, Pooja Ramachandran, Kumar Natarajan, Misha Ghoshal, Arul Vincent, Chenthu Mohan, Pradeep Kalipurayath",,"November 24, 2020",2020,TV-14,171 min,"Horror Movies, International Movies, Thrillers","As a blind librarian, dispirited cricketer and desolate psychiatrist each seek retribution and release, their lives overlap under eerie influences.",1
s511,Movie,Andhakaaram,V Vignarajan,"Vinoth Kishan, Arjun Das, Pooja Ramachandran, Kumar Natarajan, Misha Ghoshal, Arul Vincent, Chenthu Mohan, Pradeep Kalipurayath",India,"November 24, 2020",2020,TV-14,171 min,"Horror Movies, International Movies, Thrillers","As a blind librarian, dispirited cricketer and desolate psychiatrist each seek retribution and release, their lives overlap under eerie influences.",1
s512,Movie,André & his olive tree,Josiah Ng,André Chiang,Singapore,"December 8, 2020",2020,TV-PG,104 min,"Documentaries, International Movies","As he prepares to close his restaurant, Michelin-starred Chef André Chiang embarks on a personal and emotional journey of reflection.",1
s513,Movie,Anelka: Misunderstood,Franck Nataf,Nicolas Anelka,France,"August 5, 2020",2020,TV-14,95 min,"Documentaries, International Movies, Sports Movies","Inscrutable, incomparable or both? Famed French footballer Nicolas Anelka’s controversial legacy is explored in this in-depth documentary.",1
s521,Movie,"Angela's Christmas Wish",Damien O’Connor,"Lucy O'Connell, Brendan Mullins, Ruth Negga, Lola Metcalfe, Jared Harris, Moe Dunford, Oscar Butler, Shona Hamill, Pat Kinevane, Janet Moran, Anya O'Connor",United States,"December 1, 2020",2020,TV-Y,48 min,Children & Family Movies,"With her father working far away in Australia, a determined Angela makes a plan — and a heartfelt wish — to reunite her family in time for the holidays.",1
s526,Movie,Angu Vaikuntapurathu (Malayalam),Trivikram Srinivas,"Allu Arjun, Pooja Hegde, Tabu, Sushanth, Nivetha Pethuraj, Jayaram, Murli Sharma",,"March 5, 2020",2020,TV-14,162 min,"Action & Adventure, Comedies, Dramas","After growing up enduring criticism from his father, a young man finds his world shaken upon learning he was switched at birth with a millionaire’s son.",1