title, industry
Reality TV, Netflix
Kids' TV, Netflix
TV Thrillers, Netflix
Children & Family Movies, Netflix
Comedies, Netflix
Stand-Up Comedy, Netflix
TV Action & Adventure, Netflix
TV Dramas, Netflix
Documentaries, Netflix
TV Comedies, Netflix
TV Sci-Fi & Fantasy, Netflix
Docuseries, Netflix
Science & Nature TV, Netflix
British TV Shows, Netflix
Crime TV Shows, Netflix
International TV Shows, Netflix
Spanish-Language TV Shows, Netflix
Action & Adventure, Netflix
International Movies, Netflix
Music & Musicals, Netflix
Dramas, Netflix
Anime Series, Netflix
Stand-Up Comedy & Talk Shows, Netflix
LGBTQ Movies, Netflix
Horror Movies, Netflix
Thrillers, Netflix
Romantic Movies, Netflix
TV Mysteries, Netflix
Independent Movies, Netflix
Sports Movies, Netflix
Romantic TV Shows, Netflix
Anime Features, Netflix
TV Horror, Netflix
Teen TV Shows, Netflix
Sci-Fi & Fantasy, Netflix
Korean TV Shows, Netflix
Film & Animation, Youtube
Autos & Vehicles, Youtube
Music, Youtube
Pets & Animals, Youtube
Sports, Youtube
Short Movies, Youtube
Travel & Events, Youtube
Gaming, Youtube
Videoblogging, Youtube
People & Blogs, Youtube
Comedy, Youtube
Entertainment, Youtube
News & Politics, Youtube
Howto & Style, Youtube
Education, Youtube
Science & Technology, Youtube
Nonprofits & Activism, Youtube
Movies, Youtube
Anime/Animation, Youtube
Action/Adventure, Youtube
Classics, Youtube
Comedy, Youtube
Documentary, Youtube
Drama, Youtube
Family, Youtube
Foreign, Youtube
Horror, Youtube
Sci-Fi/Fantasy, Youtube
Thriller, Youtube
Shorts, Youtube
Shows, Youtube
Trailers, Youtube