video_id,title,publishedAt,channelId,channelTitle,categoryId,trending_date,tags,view_count,likes,dislikes,comment_count,thumbnail_link,comments_disabled,ratings_disabled,description
M9Pmf9AB4Mo,Apex Legends | Stories from the Outlands ‚Äì ‚ÄúThe Endorsement‚Äù,2020-08-11T17:00:10Z,UC0ZV6M2THA81QT9hrVWJG3A,Apex Legends,Gaming,2020-08-12T00:00:00Z,Apex Legends|Apex Legends characters|new Apex Legend|Apex Legends Rampart|Apex Legends Season 6|Apex...,2381688,146739,2794,16549,https://i.ytimg.com/vi/M9Pmf9AB4Mo/default.jpg,False,False,"While running her own modding shop, Ramya Parekh (aka Rampart) built her rep in underground gauntlet..."
J78aPJ3VyNs,I left youtube for a month and THIS is what happened.,2020-08-11T16:34:06Z,UCYzPXprvl5Y-Sf0g4vX-m6g,jacksepticeye,24,2020-08-12T00:00:00Z,jacksepticeye|funny|funny meme|memes|jacksepticeye memes|reddit|subreddit|community|community memes|...,2038853,353787,2628,40221,https://i.ytimg.com/vi/J78aPJ3VyNs/default.jpg,False,False,I left youtube for a month and this is what happenedMY COFFEE COMPANY: https://twitter.com/TOTMCoffe...
VIUo6yapDbc,Ultimate DIY Home Movie Theater for The LaBrant Family!,2020-08-11T15:10:05Z,UCDVPcEbVLQgLZX0Rt6jo34A,Mr. Kate,26,2020-08-12T00:00:00Z,The LaBrant Family|DIY|Interior Design|Makeover|Decorating|DIY Movie Theater|Home Movie Theater|Movi...,1123889,45802,964,2196,https://i.ytimg.com/vi/VIUo6yapDbc/default.jpg,False,False,Transforming The LaBrant Family's empty white room into a dramatic custom home movie theater. A port...
w-aidBdvZo8,I Haven't Been Honest About My Injury.. Here's THE TRUTH,2020-08-11T20:00:04Z,UC5zJwsFtEs9WYe3A76p7xIA,Professor Live,24,2020-08-12T00:00:00Z,Professor injury|professor achilles|professor 1v1|professor live|professor live injury|professorlive...,949491,77487,746,7506,https://i.ytimg.com/vi/w-aidBdvZo8/default.jpg,False,False,Subscribe To My Channel - https://www.youtube.com/subscription_center?add_user=professorlive?sub_con...
uet14uf9NsE,OUR FIRST FAMILY INTRO!!,2020-08-12T00:17:41Z,UCDSJCBYqL7VQrlXfhr1RtwA,Les Do Makeup,26,2020-08-12T00:00:00Z,[None],470446,47990,440,4558,https://i.ytimg.com/vi/uet14uf9NsE/default.jpg,False,False,Hi babygirls!  Thank you so much for watching and for supporting! I LOVE YOU!! ‚ù§Ô∏è‚ù§Ô∏èlabel printer fro...
ua4QMFQATco,CGP Grey was WRONG,2020-08-11T17:15:11Z,UC2C_jShtL725hvbm1arSV9w,CGP Grey,27,2020-08-12T00:00:00Z,cgpgrey|education|hello internet,1050143,89190,854,6455,https://i.ytimg.com/vi/ua4QMFQATco/default.jpg,False,False,‚Ä£ What Was TEKOI: https://www.youtube.com/watch?v=PCeMCwxayp0‚Ä£ TEKOI Commentary: https://www.youtube...
SnsPZj91R7E,SURPRISING MY DAD WITH HIS DREAM TRUCK!! | Louie's Life,2020-08-10T22:26:59Z,UCZDdF_p-L88NWVpzF0vjvMQ,Louie's Life,24,2020-08-12T00:00:00Z,surprising|dad|father|papa|with|dream|car|truck|troca|camioneta|surprise|surprising my dad|parents|m...,1402687,95694,2158,6613,https://i.ytimg.com/vi/SnsPZj91R7E/default.jpg,False,False,"Since I was little, i've had these goals for my self to give back to my parents. Both of them have m..."
SsWHMAhshPQ,Ovi x Natanael Cano x Aleman x Big Soto - Vengo De Nada [Official Video],2020-08-11T23:00:10Z,UC648rgJOboZlgcDbW00vTSA,Rancho Humilde,10,2020-08-12T00:00:00Z,Vengo De Nada|Aleman|Ovi|Big Soto|Trap|Ovi Natanel Cano Big Soto Aleman|Nata Aleman|Ovi Vengo De Nad...,741028,113983,4373,5618,https://i.ytimg.com/vi/SsWHMAhshPQ/default.jpg,False,False,Vengo De Nada - Ovi x Natanael Cano x Aleman x Big SotoDirected by Lalo The GiantExecutive Producer ...
49Z6Mv4_WCA,i don't know what im doing anymore,2020-08-11T20:24:34Z,UCtinbF-Q-fVthA0qrFQTgXQ,CaseyNeistat,22,2020-08-12T00:00:00Z,[None],940036,87111,1860,7052,https://i.ytimg.com/vi/49Z6Mv4_WCA/default.jpg,False,False,ssend love to my sponsor; for a super Limited Time! Go to https://NordVPN.com/casey or use code CASE...
nt3VVyv5pxQ,Try Not To Laugh Challenge #51,2020-08-11T17:00:31Z,UCYJPby9DRCteedh5tfxVbrw,Smosh Pit,22,2020-08-12T00:00:00Z,smosh|smosh pit|smosh games|funny|comedy,591837,44168,409,2652,https://i.ytimg.com/vi/nt3VVyv5pxQ/default.jpg,False,False,You know what time it is‚Äî time to try not to laugh!This video was shot with a very limited crew. All...
I6hswz4rIrU,Rainbow Six Siege: Operation Shadow Legacy Reveal Trailer | Ubisoft [NA],2020-08-11T17:13:53Z,UCBMvc6jvuTxH6TNo9ThpYjg,Ubisoft North America,Gaming,2020-08-12T00:00:00Z,R6|R6S|Siege|New Siege|New Operators|New Ops|Gameplay|Rainbow Six New Operators|R6S New Operation|Ub...,320872,14288,774,2085,https://i.ytimg.com/vi/I6hswz4rIrU/default.jpg,False,False,‚ÄúPrepare. Execute. Vanish‚ÄùSam Fisher joins Team Rainbow! Watch the Operation Shadow Legacy full reve...
W7VK4DUHvKU,Lil Yachty & Future - Pardon Me (Official Video),2020-08-11T19:00:10Z,UC1X3TRsCt36QPjF1p5f3HTg,LilYachtyVEVO,10,2020-08-12T00:00:00Z,Lil Yachty|Lil Boat 3|Future Lil Yachty|Pardon Me Future|Pardon Me Lil Yachty|Lil Yachty future pard...,413372,26440,293,1495,https://i.ytimg.com/vi/W7VK4DUHvKU/default.jpg,False,False,Watch the official video for Lil Yachty & Future's Pardon Me.Get Lil Yachty's new album Lil Boat 3 h...
W9Aen8hG20Y,When Our Generation Gets Old and Hears a Throwback Song 5,2020-08-10T22:33:48Z,UCR9NuNwCUIhMOLUQnLN7_WA,Kyle Exum,23,2020-08-12T00:00:00Z,When Our Generation Gets Old and Hears a Throwback Song 5|When Our Generation Gets Old and Hears a T...,921261,124183,1678,16460,https://i.ytimg.com/vi/W9Aen8hG20Y/default.jpg,False,False,"500,000 Likes and I‚Äôll drop a Part 6!Thanks for Watching! Like, Subscribe and Comment! 1M Likes and ..."
BNeDH6UTmXw,Ten Minutes with Tyler Cameron | Q&A,2020-08-11T22:00:05Z,UCMw7m-ScQ6jV1FQzQnn1y8Q,Tyler Cameron,22,2020-08-12T00:00:00Z,the bachelor|the bachelorette|Tyler c|Tyler Cameron|Tyler c bachelorette|Tyler c bachelor|Tyler Came...,105955,4511,69,673,https://i.ytimg.com/vi/BNeDH6UTmXw/default.jpg,False,False,Come hang out me with me for 10 minutes where Brown Bear tries to ask some tough questions and I giv...
6TIsR_7nrNc,Kylie Jenner Reacts To 'WAP' Music Video Backlash,2020-08-10T18:41:19Z,UC2rJLq19N0dGrxfib80M_fg,HollywoodLife,24,2020-08-12T00:00:00Z,kylie jenner|kendall jenner|cardi b|wap|reacts|video|kuwtk|skims|tiktok,1007540,10102,7932,2763,https://i.ytimg.com/vi/6TIsR_7nrNc/default.jpg,False,False,Kylie Jenner dissed over cameo in Cardi B and Megan The Stallion WAP music video and she reacts. Plu...
gPdUslndvVI,Our Farm Got Destroyed.,2020-08-11T23:00:06Z,UCuxlXCfVyV-i5YLL30jkomw,Cole The Cornstar,22,2020-08-12T00:00:00Z,farming|family farm|agriculture|agriculture jobs|mechanic|welding|fabricating|tractors|tractor video...,277338,37533,197,3666,https://i.ytimg.com/vi/gPdUslndvVI/default.jpg,False,False,"Wind storm, rain, and lots of destruction; well, this storm definitely came unexpected. Thousands of..."
GTp-0S82guE,Time to Talk..,2020-08-11T12:04:40Z,UCCgLoMYIyP0U56dEhEL1wXQ,Chloe Ting,26,2020-08-12T00:00:00Z,chloe ting|chloeting|defamation|cyber bullying|vlog|chloetingchallenge|online bullying|chloe ting ex...,1648441,130147,1425,15773,https://i.ytimg.com/vi/GTp-0S82guE/default.jpg,False,False,"I talked about some claims about me that was hurtful, some harrassment and also touched on clickbait..."
jbGRowa5tIk,ITZY ‚ÄúNot Shy‚Äù M/V TEASER,2020-08-11T15:00:13Z,UCaO6TYtlC8U5ttz62hTrZgg,JYP Entertainment,10,2020-08-12T00:00:00Z,JYP Entertainment|JYP|ITZY|ÏûàÏßÄ|ITZY Video|ITZY Yeji|ITZY Lia|ITZY Ryujin|ITZY Chaeryeong|ITZY Yuna|ÏûàÏßÄ...,5999732,714287,15174,31039,https://i.ytimg.com/vi/jbGRowa5tIk/default.jpg,False,False,ITZY Not Shy M/V[ITZY Official] https://www.youtube.com/c/ITZYhttps://www.instagram.com/itzy.all.in....
vePc5V4h_kg,Shark Attack Test- Human Blood vs. Fish Blood,2020-08-09T16:00:11Z,UCY1kMZp36IQSyNx_9h4mpCg,Mark Rober,28,2020-08-12T00:00:00Z,sharks|sharkweek|jaws|shark attack|blood in water|Discovery,14684474,544038,15818,33507,https://i.ytimg.com/vi/vePc5V4h_kg/default.jpg,False,False,I personally got in the water and tested if Sharks had a preference of human blood vs. fish blood. G...
5WjcDji3xYc,Honest Trailers | Avatar: The Last Airbender,2020-08-11T17:03:59Z,UCOpcACMWblDls9Z6GERVi1A,Screen Junkies,Film & Animation,2020-08-12T00:00:00Z,screenjunkies|screen junkies|honest trailers|honest trailer|avatar|avatar the last airbender|team av...,833369,50181,1120,4634,https://i.ytimg.com/vi/5WjcDji3xYc/default.jpg,False,False,‚ñ∫‚ñ∫Subscribe to ScreenJunkies!‚ñ∫ https://fandom.link/SJSubscribeOur Next Fandom 5 Trivia Show is on Av...
FopIxceEr8g,EXTREME Game of Hide and Seek in my NEW HOUSE!!,2020-08-10T17:09:53Z,UCilwZiBBfI9X6yiZRzWty8Q,FaZe Rug,24,2020-08-12T00:00:00Z,faze rug|rug|rugfaze|fazerug|hide n seek|hide seek|new house|faze rug new house|hide n seek in the n...,3061467,206840,2646,14934,https://i.ytimg.com/vi/FopIxceEr8g/default.jpg,False,False,THIS WAS SO MUCH FUNWe played hide n seek for the first time in my new house!! But there was a prett...
p7HGUZWq_8s,Doing Doja Cat‚Äôs Makeup!!,2020-08-11T19:00:09Z,UCucot-Zp428OwkyRm2I7v2Q,James Charles,24,2020-08-12T00:00:00Z,james|james charles|makeup artist|covergirl|coverboy|cute|easy makeup|how-to|reviews|tutorials|funny...,3662673,394675,5757,27346,https://i.ytimg.com/vi/p7HGUZWq_8s/default.jpg,False,False,HI SISTERS! Today‚Äôs video is a collaboration with the legendary Doja Cat! I give her a full makeup t...
AMXT1ok5UBg,THIS IS THE END.,2020-08-11T23:00:02Z,UCWwWOFsW68TqXE-HZLC3WIA,The ACE Family,22,2020-08-12T00:00:00Z,the ace family this is the end|ace family this is the end|this is the end|the end|this has to come t...,2630410,185419,4744,15908,https://i.ytimg.com/vi/AMXT1ok5UBg/default.jpg,False,False,THIS IS THE END.Shop on The RealReal and get $25 off your first order http://bit.ly/TRRacefamGET SIL...
mLOe7vGI0YI,Beerus VS Sailor Galaxia (Dragon Ball VS Sailor Moon) | DEATH BATTLE!,2020-08-10T17:00:11Z,UCB9_VH_CNbbH4GfKu8qh63w,DEATH BATTLE!,24,2020-08-12T00:00:00Z,DEATH BATTLE|Rooster Teeth|RT|DBX|DEATH BATTLE Cast|screwattack|Death Battle|dragon ball|dragon ball...,1236984,65429,1918,20813,https://i.ytimg.com/vi/mLOe7vGI0YI/default.jpg,False,False,"They live for destruction, but now one must destroy the other!Thanks to Miller Lite for sponsoring t..."
Que4RnxYLNc,iann dior ‚Äì Prospect ft. Lil Baby (Official Video),2020-08-11T19:15:10Z,UCtpzjafUx5qbmxJdqm4-qmg,iann dior,10,2020-08-12T00:00:00Z,iann dior|sadboy dior|iann|dior|internet money|ianndior|internetmoney|MGK|emotions|quarantine|emo|sa...,187835,23938,170,1895,https://i.ytimg.com/vi/Que4RnxYLNc/default.jpg,False,False,Official Video for Prospect by iann dior ft. Lil BabyStream/Download Prospect I'm Gone: https://iann...
z5l8ovbw_6M,Don't be a Tourist,2020-08-10T21:28:49Z,UCDQBZcjYKP1J1Nu-Y0_D37Q,Tabbes,Film & Animation,2020-08-12T00:00:00Z,drawing|humor|storytime animation|story|slice of life|doodle|scribble|cartoon|comedy|animatic|rants|...,1061892,117220,876,9311,https://i.ytimg.com/vi/z5l8ovbw_6M/default.jpg,False,False,This one is for all you full time travelersEMAIL FOR INQUIRIES:Tabbesk@gmail.com TIKTOK:https://www....
2avPJ9TZNmU,Juice WRLD & The Weeknd - Smile (Official Video),2020-08-11T18:03:12Z,UC0BletW9phE4xHFM44q4qKA,Juice WRLD,10,2020-08-12T00:00:00Z,JuiceWRLD|juiceworld|juice world|juice wrld|999,2228821,289389,1720,25151,https://i.ytimg.com/vi/2avPJ9TZNmU/default.jpg,False,False,Juice WRLD & The Weeknd - Smile is available now: https://smarturl.it/999XOGet the official V lone S...
PT6hPvOqTYc,Being replaced.,2020-08-10T20:56:04Z,UCFp65-s_fyaBjVZbVyp--Kw,Gabrielle Moses,22,2020-08-12T00:00:00Z,jack and gab|jack and gab breakup|Gabrielle moses|being replaced|ex new girlfriend,542048,42090,4829,10576,https://i.ytimg.com/vi/PT6hPvOqTYc/default.jpg,False,False,Just wanted to let you guys how I really feel TO WIN AIRPODS OR $500 GIFT BOX:1) SUBSCRIBE2) FOLLOW ...
9nidKH8cM38,TAXI CAB SLAYER KILLS 'TO KNOW HOW IT FEELS',2020-08-11T20:00:45Z,UCFMbX7frWZfuWdjAML0babA,Eleanor Neale,27,2020-08-12T00:00:00Z,eleanor|neale|eleanor neale|eleanor neale true crime|eleanor neale makeup|mystery|unsolved|unsolved ...,236830,16423,209,1642,https://i.ytimg.com/vi/9nidKH8cM38/default.jpg,False,False,The first 1000 people to click the link will get 2 months of Skillshare Premium for FREE https://skl...
CezxKs9YLv0,"Here's Why We Do Sponsored Videos, What Are Your Thoughts?",2020-08-11T22:41:31Z,UCMJbbWyIziiUamP5JKK9yAA,Cleetus2 McFarland,22,2020-08-12T00:00:00Z,[None],75700,9228,103,7085,https://i.ytimg.com/vi/CezxKs9YLv0/default.jpg,False,False,Figured I'd hop on here and talk to you guys directly! Let me know what you think in the comments be...
GYeKX_LPY9U,15 Friendliest Sea Creatures Around The World,2020-08-11T16:00:07Z,UCTDJ9osmaIty0MVkUZymVmQ,Amerikano,27,2020-08-12T00:00:00Z,friendliest|sea|creatures|around|world|ocean|animals|sea creatures|wildlife|sea animals|deep sea|dee...,880035,16970,626,881,https://i.ytimg.com/vi/GYeKX_LPY9U/default.jpg,False,False,"It‚Äôs easy to forget just how dangerous the ocean can be, given all the Disney-fication of the underw..."
9AecsACtkB4,Watch Secret Service agents pull Trump from a press briefing after shooting outside the White House,2020-08-10T22:29:23Z,UCi7Zk9baY1tvdlgxIML8MXg,CTV News,25,2020-08-12T00:00:00Z,CTV|News|CTV News|White House|Trump|President Trump|President assassination|Secret Service|White Hou...,725151,6327,651,2695,https://i.ytimg.com/vi/9AecsACtkB4/default.jpg,False,False,U.S. President Donald Trump was pulled from his briefing by Secret Service agents after a shooting o...
aG8QsfDisdg,"Hundreds of looters target stores downtown, across Chicago overnight; 100 arrested",2020-08-11T00:19:12Z,UCDrLGkZTcNCshOLiKi5NtEw,WGN News,25,2020-08-12T00:00:00Z,video|news|wgntv news|wgntv chicago|Chicago|unrest|looting,322657,3282,290,4456,https://i.ytimg.com/vi/aG8QsfDisdg/default.jpg,False,False,Hundreds of looters targeted businesses in the Mag Mile and River North areas late Sunday into early...
GGEBtW2mWOk,Addressing RUMORS About Me While Testing New Makeup,2020-08-09T19:00:30Z,UCkvK_5omS-42Ovgah8KRKtg,jeffreestar,26,2020-08-12T00:00:00Z,jeffree star|jeffree star cosmetics|patrick starrr|one size cosmetics|patrick starrr makeup wipes|ad...,3427335,147162,62615,32307,https://i.ytimg.com/vi/GGEBtW2mWOk/default.jpg,False,False,"Today I'm testing out ALL brand new makeup while addressing rumors about myself. Love you guys, reme..."
kgkALngcgnE,NLE Choppa - Top Shotta Flow (Official Music Video),2020-08-10T16:00:48Z,UCWICXNlSLc7eeNazpzUZcLg,NLE CHOPPA,10,2020-08-12T00:00:00Z,NLE Choppa|NLE|Choppa|Worldstar|HipHop 2020|New Rap 2020|Lyrical Lemonade|hot new hip hop|Rap Caviar...,1675448,123749,2789,9480,https://i.ytimg.com/vi/kgkALngcgnE/default.jpg,False,False,Listen to ‚ÄòTop Shotta‚Äô: https://nlechoppa.lnk.to/topshottaMerch: https://warnerrecords.lnk.to/choppa...
5V2B28OqfqM,"I Spent $1,000,000 On Lottery Tickets and WON",2020-08-08T20:00:02Z,UCX6OQ3DkcsbYNE6H8uQQuVA,MrBeast,24,2020-08-12T00:00:00Z,[None],21022916,1297679,22626,76814,https://i.ytimg.com/vi/5V2B28OqfqM/default.jpg,False,False,I didnt think i was going to win that much... looks like im buying an islandNew Merch - https://shop...
Mle7n1PuH9o,Megan Thee Stallion | Revlon Makeup Tutorial,2020-08-10T16:07:25Z,UCKrdjiuS66yXOdEZ_cOD_TA,Megan Thee Stallion,26,2020-08-12T00:00:00Z,Megan Thee Stallion|Rap|Houston|Hottie|300 Entertainment|Hip Hop|Revlon|Makeup|Cut Crease|Make Up Tu...,674422,61373,796,4805,https://i.ytimg.com/vi/Mle7n1PuH9o/default.jpg,False,False,Hey Hotties üî• Thought I‚Äôd share my hot girl hack to getting my cut-crease using all my @revlon good...
IuMAHR0OtH4,My dog goes swimming for the first time!,2020-08-06T21:30:14Z,UC5qM39SKEWXUJxdAMC0JVVA,Sammy The Golden Retriever,22,2020-08-12T00:00:00Z,[None],324426,7573,358,502,https://i.ytimg.com/vi/IuMAHR0OtH4/default.jpg,False,False,Watch my dog to go swimming for the first time in a shark!Follow us on Instagram @sammythegolden247#...
n_8hxS_7Vis,Shannon reacts to Kyle Kuzma's game-winning shot ‚Äî I'm concerned about the Lakers | NBA | UNDISPUTED,2020-08-11T16:21:47Z,UCLXzq85ijg2LwJWFrz4pkmw,Skip and Shannon: UNDISPUTED,17,2020-08-12T00:00:00Z,fox|fox sports|fs1|fox sports 1|undisputed|skip bayless|shannon sharpe|skip and shannon|fs1 undisput...,540613,7155,308,1647,https://i.ytimg.com/vi/n_8hxS_7Vis/default.jpg,False,False,LeBron and the Lakers finally snapped their 3-game skid with an exciting win over the Nuggets last n...
OQZ5ht79nEw,Answering Your Assumptions About Us... Merrell Twins,2020-08-11T17:29:52Z,UCwtnkRZcvL4bfopzJ-Von8Q,merrelltwins,23,2020-08-12T00:00:00Z,Merrell Twins|Twins|Merrell|Veronica Merrell|Vanessa Merrell|Twin|Comedy|Family Friendly|assumptions...,430836,37754,256,4818,https://i.ytimg.com/vi/OQZ5ht79nEw/default.jpg,False,False,We answered your assumptions about us...Go to https://www.casetify.com/merrelltwins today to get 20-...
gi3VMMiFHVg,Giannis Gets Ejected After Headbutting Mo Wagner,2020-08-12T02:30:32Z,UC9-OpMMVoNP5o10_Iyq7Ndw,Bleacher Report,17,2020-08-12T00:00:00Z,bleacher report|br|nba|giannis|giannis antetokounmpo|giannis fight|giannis headbutt|giannis moritz w...,756814,8278,331,2441,https://i.ytimg.com/vi/gi3VMMiFHVg/default.jpg,False,False,"In a random and wild sequence of events, Giannis Antetokounmpo got into it with Moritz Wagner. After..."
p6RatnMhDj8,I TOOK A PREGNANCY TEST...,2020-08-11T02:40:01Z,UCpGCAsPlArOj9ptyCszxOOg,ValeYas Vlogs,22,2020-08-12T00:00:00Z,valeyas|vlogs|daily vlogs|beautyybird|pregnancy test|finding out I'm pregnant|pregnant|finding out p...,143091,7159,349,805,https://i.ytimg.com/vi/p6RatnMhDj8/default.jpg,False,False,‚ñ∑SUBSCRIBE FOR DAILY VLOGS: http://bit.ly/2lFIqnW‚ñ∑ SHOP OUR CLOTHING LINE: http://www.yvbird.com‚ñ∑ SH...
zrsBjYukE8s,Î∞ïÏßÑÏòÅ (J.Y. Park) When We Disco (Duet with ÏÑ†ÎØ∏) M/V,2020-08-11T09:00:13Z,UCaO6TYtlC8U5ttz62hTrZgg,JYP Entertainment,10,2020-08-12T00:00:00Z,JYP Entertainment|JYP|J.Y.Park|JYPark|Î∞ïÏßÑÏòÅ|ÏÑ†ÎØ∏|SUNMI|Íµ¨Ï§ÄÏóΩ|DJ Koo|When We Disco|When We Disco (Duet with...,3433885,353329,9763,23405,https://i.ytimg.com/vi/zrsBjYukE8s/default.jpg,False,False,MelOn http://kko.to/TWyXd7zYjSpotify https://spoti.fi/2FelHKZiTunes/Apple Music https://apple.co/30O...
N5KpIE2tz8M,Tom MacDonald - GRAVESTONES ALBUM,2020-08-10T15:58:26Z,UCElGBUWDCa05jRzc2PfmGqQ,Tom MacDonald,10,2020-08-12T00:00:00Z,Eminem|MGK|Token|NF|Hopsin|Machine Gun Kelly|Merkules|Chris Webby|Joyner Lucas|Tech N9ne|Krizz Kalik...,500658,35858,2238,4872,https://i.ytimg.com/vi/N5KpIE2tz8M/default.jpg,False,False,NEW ALBUM Gravestones AVAILABLE THIS FRIDAY AUGUST 14th @ www.HangOverGang.com/storeAUTOGRAPHED ALBU...
Aur7UgTGlL0,"TRAIL BLAZERS at MAVERICKS | FULL GAME HIGHLIGHTS | August 11, 2020",2020-08-12T01:27:17Z,UCWJ2lWNubArHWmf3FIHbfcQ,NBA,17,2020-08-12T00:00:00Z,NBA|G League|Basketball|game-0021901300|Jump Shot|Steal|Rebound|Assist|Pass|2019-20 Season|NBA Seaso...,937569,10160,405,3119,https://i.ytimg.com/vi/Aur7UgTGlL0/default.jpg,False,False,"TRAIL BLAZERS at MAVERICKS | FULL GAME HIGHLIGHTS | August 11, 2020Damian Lillard matches a career-h..."
XsmkTqsygD4,42 Dugg - Big 4's (Official Video),2020-08-10T21:02:21Z,UChFLDvWugOtrzxmUCAjfnGg,42 dugg Music,10,2020-08-12T00:00:00Z,[None],494247,15761,344,811,https://i.ytimg.com/vi/XsmkTqsygD4/default.jpg,False,False,From the album Young & Turnt 2 (Deluxe). Out now!Stream: https://empire.ffm.to/youngandturnt2_deluxe...
KX06ksuS6Xo,Diljit Dosanjh: CLASH (Official) Music Video | G.O.A.T.,2020-08-11T07:30:02Z,UCZRdNleCgW-BGUJf-bbjzQg,Diljit Dosanjh,10,2020-08-12T00:00:00Z,clash diljit dosanjh|diljit dosanjh|diljit dosanjh goat album|diljit dosanjh new album|punjabi songs...,9140911,296502,6179,30044,https://i.ytimg.com/vi/KX06ksuS6Xo/default.jpg,False,False,CLASH official music video performed by DILJIT DOSANJH from his album G.O.A.T. Listen to the full al...
yVdH3QacEXc,Selena Gomez - This is the Year (Official Premiere Event),2020-08-10T16:32:06Z,UCPNxhDvTcytIdvwXWAm43cA,Selena Gomez,Film & Animation,2020-08-12T00:00:00Z,Selena Gomez|David Henrie|Dixie D‚ÄôAmelio|Charli D'Amelio|Dixie Damelio|Charli Damelio|This is the ye...,1523818,163684,2377,9845,https://i.ytimg.com/vi/yVdH3QacEXc/default.jpg,False,False,Get your tickets here: https://thisistheyear.film Join Selena and David who are reuniting after 8 ye...
9wDhKJsF5Zk,Cardi B Defends Kylie Jenner In 'WAP' Music Video As Fans Make Petition For Her Removal | PeopleTV,2020-08-10T17:59:46Z,UCGbQJy-531_5vfphay-rChQ,PeopleTV,24,2020-08-12T00:00:00Z,cardi b|carole baskin|kris jenner|kylie jenner|meg thee stallion|music|news|offset|peoplenow|travis ...,131641,938,285,429,https://i.ytimg.com/vi/9wDhKJsF5Zk/default.jpg,False,False,Cardi B explained that husband Offset is friends with Travis Scott and that she has gone to Kris Jen...
Tujt4APHPzo,FIRST DAY IN THE NEW HOUSE! Ellie and Jared Move In!,2020-08-11T13:00:29Z,UCYv8VkKxvmfYIRbowQALwCw,Ellie and Jared,22,2020-08-12T00:00:00Z,family life|life vlog|family vlog|ellie and jared|family channel|jared and ellie|ellie mecham|jared|...,208173,8810,215,0,https://i.ytimg.com/vi/Tujt4APHPzo/default.jpg,True,False,"Come with us as we move into our new home! It takes us a few days to get settled in, but we've got s..."
rs2Rcu0s_2k,SUMMER JOB! *Me And My Best Friend Got An Ice Cream Truck*,2020-08-09T18:02:05Z,UCJVkkxqSzMZDcLFhULXAIIQ,Dan and Riya,23,2020-08-12T00:00:00Z,danandriya|dan and riya|dan riya|types of|tootsie|dan & riya|dan and riya parents|funny|comedy chann...,1561146,31649,1634,3496,https://i.ytimg.com/vi/rs2Rcu0s_2k/default.jpg,False,False,Me and my best friend got a new summer job. Our manager fired us from our old job. So we bought an i...
RQqJeIyyQBs,"Kali Uchis, Rico Nasty ‚Äì Aqu√≠ Yo Mando [Official Music Video]",2020-08-10T14:00:10Z,UCQTuAezPu6MOpcIJ1Tz9dNA,KALI UCHIS,10,2020-08-12T00:00:00Z,[None],420665,36945,802,2016,https://i.ytimg.com/vi/RQqJeIyyQBs/default.jpg,False,False,"Kali Uchis & Rico Nasty, Aqu√≠ Yo Mando out now: https://smarturl.it/AquiYoMandoFollow Kali Uchis:Web..."
1mZ1f_8YOEc,Widespread looting reported overnight in downtown Chicago,2020-08-10T10:13:25Z,UCDrLGkZTcNCshOLiKi5NtEw,WGN News,25,2020-08-12T00:00:00Z,video|news|wgntv news|wgntv chicago|looting in Chicago,398340,3546,445,6616,https://i.ytimg.com/vi/1mZ1f_8YOEc/default.jpg,False,False,Widespread looting reported overnight in downtown Chicago
lIgtAxmA800,Lil Mosey - Top Gone (ft. Lunay) [Official Music Video],2020-08-10T16:00:10Z,UCblix-YUgJKKSQeL_Jp1SIg,LilMoseyVEVO,10,2020-08-12T00:00:00Z,Lil|Mosey|Lunay|Top|Gone|Mogul|Vision/Interscope|Records|Hip|Hop,1423284,69518,1920,4244,https://i.ytimg.com/vi/lIgtAxmA800/default.jpg,False,False,Lil Mosey - Top Gone (ft. Lunay)Listen: https://smarturl.it/TopGoneSpotify: https://smarturl.it/TopG...
JJk1ji23Ey8,Bonsai Fish Tank,2020-08-11T11:08:04Z,UCRxAgfYexGLlu1WHGIMUDqw,JunsKitchen,26,2020-08-12T00:00:00Z,taking|cats|walk|jun|junskitchen|juns kitchen|cat|cooking|cuisine|walking|Jun|Rachel|Japanese|food|J...,307888,49300,139,2925,https://i.ytimg.com/vi/JJk1ji23Ey8/default.jpg,False,False,I've been wanting to do aquaponics (growing vegetables on a fish tank) for my kitchen. I'm making a ...
8fUGbilT5MQ,ULTIMATE Summer Lemonade Cake! | How To Cake It with Yolanda Gampp,2020-08-11T12:00:07Z,UCvM1hVcRJmVWDtATYarC0KA,How To Cake It,26,2020-08-12T00:00:00Z,baking|cake|lemonade cake|summer lemonade cake|sugar cookies|sugar cookie decorating|cake decorating...,260355,14367,114,1331,https://i.ytimg.com/vi/8fUGbilT5MQ/default.jpg,False,False,How To Cake It Yolanda Gampp shows how to make a delicious summer lemonade cake bursting with flavor...
JNJN5HMkRao,Saved by the Bell | Official Teaser 2 | Peacock,2020-08-10T18:19:51Z,UCPgMAS8woHJ_o_OZdTR7kcQ,Peacock,24,2020-08-12T00:00:00Z,peacock|peacock tv|peacock originals|peacock streaming|saved by the bell reboot teaser|saved by the ...,449198,1341,349,315,https://i.ytimg.com/vi/JNJN5HMkRao/default.jpg,False,False,"Saved by the Bell is back - to the MAX! Check out this exclusive look at the new series, coming soon..."
xNFEor9dhY0,SURPRISING BEST FRIEND WITH BUBBA GUMP SHRIMP,2020-08-10T23:58:36Z,UCPPc2PdtA7gCMbjYp_i_TKA,SuperMega,23,2020-08-12T00:00:00Z,supermega|super mega|super mega show|supermegashow|matt watson|ryan magee|matthwatson|elirymagee,225418,40479,282,2324,https://i.ytimg.com/vi/xNFEor9dhY0/default.jpg,False,False,Could NOT believe his reaction!‚ñ™ New videos all the time. Subscribe here! ‚ñ∂ http://bit.ly/Sub2SuperM...
6IN4ZcZAUbA,The global coffee crisis is coming,2020-08-10T12:00:03Z,UCLXo7UDZvByw2ixzpQCufnA,Vox,25,2020-08-12T00:00:00Z,Vox.com|vox|explain|explainer|colombia|climate change|coffee|cafetero|juan valez|coffee plants|farms...,1127988,41715,1359,4909,https://i.ytimg.com/vi/6IN4ZcZAUbA/default.jpg,False,False,It's becoming harder and harder to grow. Become a Video Lab member! http://bit.ly/video-labSources a...
ar6UiTbuoSU,"THE OFFICIAL REVEAL OF MY NEW $10,000,000 HOUSE! (Full Tour)",2020-08-08T18:00:14Z,UCilwZiBBfI9X6yiZRzWty8Q,FaZe Rug,24,2020-08-12T00:00:00Z,faze rug|rug|rugfaze|fazerug|new house|new house reveal|my new house|my new house reveal|my new $100...,6439206,629024,12504,70850,https://i.ytimg.com/vi/ar6UiTbuoSU/default.jpg,False,False,"IT'S FINALLY HERE OMG!!!!!!This is the official house tour of my brand new $10,000,000 home. I am so..."
28YwvwneKoY,My Decaying Mind in Quarantine,2020-08-08T16:28:40Z,UCo8bcnLyZH8tBIH9V1mLgqQ,TheOdd1sOut,23,2020-08-12T00:00:00Z,Cafe Chaos|food fight|Quarantine|garbage television|TLC|90 day fianc√©|Big Ed|Ed|Rose|David|Lana|work...,8721068,589860,6782,68682,https://i.ytimg.com/vi/28YwvwneKoY/default.jpg,False,False,"Check out Cafe Chaos on kickstarter, supplies are limit-ED (no theyre not)‚û§ https://www.kickstarter...."
YHX4lUSGUBI,'Don't mess with Dame Dolla' - Stephen A. reacts to Lillard's beef with Paul George | First Take,2020-08-10T15:25:12Z,UCiWLfSweyRNmLpgEHekhoAg,ESPN,17,2020-08-12T00:00:00Z,first take|damian lillard|paul george|patrick beverley|clippers|blazers|paul george clippers|nba|pau...,791489,13242,325,2728,https://i.ytimg.com/vi/YHX4lUSGUBI/default.jpg,False,False,Stephen A. Smith explains why LA Clippers SF Paul George is under more pressure than Portland Trail ...
KmVG1Yx1kwQ,3 DAYS with the Samsung Galaxy Note 20 Ultra! | The Tech Chap,2020-08-10T18:28:55Z,UCzlXf-yUIaOpOjEjPrOO9TA,The Tech Chap,28,2020-08-12T00:00:00Z,note 20 ultra|galaxy note 20 ultra|samsung galaxy note 20 ultra|samsung note 20 ultra|note 20 ultra ...,285517,6771,254,1463,https://i.ytimg.com/vi/KmVG1Yx1kwQ/default.jpg,False,False,"What's it like using the Samsung Galaxy Note 20 Ultra? I switched to the Note 20 Ultra 3 days ago, a..."
FQnJRVn3QVk,Watching Movie Trailers... Then Guessing Their Review Scores,2020-08-10T16:00:04Z,UCF_votze88WRDSEREe9s3aQ,Dylan Is In Trouble,24,2020-08-12T00:00:00Z,movie|trailer|reaction|review|chill|zone|dylan|netflix|work it|work it reaction|work it review|liza|...,421747,43493,230,3146,https://i.ytimg.com/vi/FQnJRVn3QVk/default.jpg,False,False,"Welcome to the Chill Zone, where we chill and stuff. We're watching movie trailers with millions of ..."
PHYtv0v2DeA,"NUGGETS at LAKERS | FULL GAME HIGHLIGHTS | August 10, 2020",2020-08-11T03:53:08Z,UCWJ2lWNubArHWmf3FIHbfcQ,NBA,17,2020-08-12T00:00:00Z,NBA|G League|Basketball|game-0021901296|Jump Shot|Steal|Rebound|Assist|Pass|2019-20 Season|NBA Seaso...,2103682,22243,907,3946,https://i.ytimg.com/vi/PHYtv0v2DeA/default.jpg,False,False,"NUGGETS at LAKERS | FULL GAME HIGHLIGHTS | August 10, 2020Kyle Kuzma (25 PTS) knocked down a 3PM fro..."
jp47GeO6k6Q,How Does He Get Away With This?,2020-08-09T18:42:25Z,UC3L9XPe0_FGfRG-CMGtBvFg,JxmyHighroller,17,2020-08-12T00:00:00Z,LeBron James|LA Lakers|House of Highlights|ESPN|NBA highlights|Zion Williamson|Giannis Antetokounmpo...,1202553,55079,1387,6162,https://i.ytimg.com/vi/jp47GeO6k6Q/default.jpg,False,False,üî•GET YOUR EXCLUSIVE BASKETBALL SHORTS NOW! https://dopelocker.net/collections/team-shorts-%F0%9F%94...
8QsH_xPQFqM,ALREADY | Black Is King | Aliya Janell | Kany Diabate Choreography | Queens N Lettos,2020-08-10T19:00:10Z,UC7Ul2k3EhfIHE2RFvjoMorA,Aliya Janell,24,2020-08-12T00:00:00Z,Aliya Janell|Aliya Janell choreography|queens n lettos|choreography,240028,26192,243,980,https://i.ytimg.com/vi/8QsH_xPQFqM/default.jpg,False,False,Had the pleasure of learning from this queen named Kany Diabate. She was actually one of the choreog...
xTpr7piQu2M,FUT 21 | Official Trailer,2020-08-10T15:00:08Z,UCoyaxd5LQSuP4ChkxK0pnZQ,EA SPORTS FIFA,Gaming,2020-08-12T00:00:00Z,Fifa|fifa 21|fifa21|fifa 21 trailer|fifa 21 news|fifa 21 ps4|fifa 21 ps4 gameplay|fifa 21 xbox one|f...,1213314,64247,7181,5438,https://i.ytimg.com/vi/xTpr7piQu2M/default.jpg,False,False,"Play with friends, customise your stadium, and team up with the FIFA 21 Ultimate Team Community. See..."
bGtR3l_JeUo,Uncle Roger Meet Egg Fried Rice Lady (@Hersha Patel),2020-08-09T14:00:10Z,UCVjlpEjEY9GpksqbEesJnNA,mrnigelng,23,2020-08-12T00:00:00Z,uncle roger|nigel ng|mrnigelng|mr nigel ng|nigel ng uncle roger|egg fried rice|hersha patel|hersha p...,3857591,260026,2100,18334,https://i.ytimg.com/vi/bGtR3l_JeUo/default.jpg,False,False,"Uncle Roger finally meets egg fried rice lady, Hersha Patel. Will they get along? Does she actually ..."
1hx4vCChBlI,robot boyfriend,2020-08-11T01:37:40Z,UCf1JAjcoBlCRi4pHG2k_W7w,Lilypi2,24,2020-08-12T00:00:00Z,[None],232400,37375,229,1788,https://i.ytimg.com/vi/1hx4vCChBlI/default.jpg,False,False,yep
lcnWx5tiwhM,Exposing My Browsing History!,2020-08-10T18:07:26Z,UCHUE4ypXKp7ZkmdWbGJNgJg,AmazingPhil,22,2020-08-12T00:00:00Z,amazingphil|phil lester|browsing history|google history|my google search history|netflix|youtube|ins...,276232,45628,157,3227,https://i.ytimg.com/vi/lcnWx5tiwhM/default.jpg,False,False,I delve into more of the weird internet history! Contains a paid promotion for Square Enix! Final Fa...
RN8uoBwRr1k,Binging with Babish: Paunch Burger from Parks & Rec,2020-08-11T13:00:11Z,UCJHA_jMfCvEnv-3kRjTCQXw,Binging with Babish,24,2020-08-12T00:00:00Z,binging with babish|babish|babbish|cooking with babish|paunch burger|parks and rec|parks and recreat...,1718883,78157,717,3846,https://i.ytimg.com/vi/RN8uoBwRr1k/default.jpg,False,False,"Check out Thrive Market today and choose a free gift, up to $22 value, when you join here: http://th..."
goOmZUwQYlA,100k,2020-08-11T03:06:21Z,UCf1JAjcoBlCRi4pHG2k_W7w,Lilypi2,24,2020-08-12T00:00:00Z,[None],277407,28692,236,836,https://i.ytimg.com/vi/goOmZUwQYlA/default.jpg,False,False,thanks
KnE6u4hFx14,PAINTING OUR FACES ON BRENT'S NEW HOUSE! (REVENGE),2020-08-08T20:45:05Z,UCPpATKqmMV-CNRNWYaDUwiA,Alexa Rivera,26,2020-08-12T00:00:00Z,[None],4030996,190480,3206,7772,https://i.ytimg.com/vi/KnE6u4hFx14/default.jpg,False,False,Wait untill you guys see his reaction. Thank you guys so much for watching! Make sure to LIKE the vi...
iR7UweUPeNw,"Can LeBron, AD and Kyle Kuzma Become LA's New ‚ÄòBig Three‚Äô? | NBA on TNT Tuesday",2020-08-11T04:30:02Z,UCU7iRrk3xfpUk0R6VdyC1Ow,NBA on TNT,17,2020-08-12T00:00:00Z,NBA on TNT|NBA|Inside the NBA|Charles Barkley|Shaq|Kenny Smith|Ernie Johnson|Candace Parker|Dwyane W...,364377,4385,165,900,https://i.ytimg.com/vi/iR7UweUPeNw/default.jpg,False,False,"After Kyle Kuzma hit the game-winning shot for the Los Angeles Lakers, the crew discusses whether Ku..."
5JC2trEXxhE,Seattle Police Chief Carmen Best will resign Tuesday,2020-08-11T04:24:58Z,UCp1KrVaZDZ7BOI_QBuTWWmg,KING 5,25,2020-08-12T00:00:00Z,local|news|seattle|police|chief|carmen best|Seattle Police Chief Carmen Best|Police Chief|defund|CHO...,219425,3251,371,4406,https://i.ytimg.com/vi/5JC2trEXxhE/default.jpg,False,False,Seattle Police Chief Carmen Best plans to resign on Tuesday. The news comes on the same day the city...
AG9qDVXEemc,CASH NASTY MADE A MISTAKE CHALLENGING ME TO THIS 1V1... @Agent 02,2020-08-10T17:57:08Z,UCVC5-Y6ez4sk3mtbUmN-SUQ,Agent 00,Gaming,2020-08-12T00:00:00Z,agent 00|cashnasty|1v1 basketball,480485,30207,391,2967,https://i.ytimg.com/vi/AG9qDVXEemc/default.jpg,False,False,Came in there with one mission. Win the 1v1 vs. Cash Nasty no matter the cost.üëâ 3 PT CONTEST vs. FL...
3qxGj18nAR4,MY FIRST DAY OF SCHOOL VLOG  *Senior Year* 2020-21,2020-08-09T22:15:50Z,UCBAGtBjmMhfVUrv1Lc3Mdqw,Nathaly Cuevas,22,2020-08-12T00:00:00Z,first day of school|first day of school 2020-21|first day of school vlog|first day of school grwm|fi...,452906,29368,829,3191,https://i.ytimg.com/vi/3qxGj18nAR4/default.jpg,False,False,Welcome to nat's life lmao.For business-nathalycuevas@select.co P.O box : 1030 N Mountain Ave #160 O...
BpXkl4VdFhA,Swapping Outfits With A Drag Queen!,2020-08-09T15:58:10Z,UCB0d0JLn1WcGYcwwZ87d2LA,Rclbeauty101,23,2020-08-12T00:00:00Z,Swapping outfits with James charles|swapping outfits with Nikita Dragun|swapping outfits with Tana M...,1115723,47429,1509,3929,https://i.ytimg.com/vi/BpXkl4VdFhA/default.jpg,False,False,"Swapping Outfits With A Drag Queen!I decided it would be fun to swap styles with Jake Warden, who IS..."
Gj_SlGSZFgA,Who Makes The BEST Hot Dog *Glizzy* üå≠,2020-08-10T22:09:51Z,UCQIUhhcmXsu6cN6n3y9-Pww,Jesser,24,2020-08-12T00:00:00Z,who makes the best|hot dog|wienersnitchell|dog haus|shake shack|burger king|jesser,609833,38464,409,5507,https://i.ytimg.com/vi/Gj_SlGSZFgA/default.jpg,False,False,"Today the boys go to different fast food spots to see who makes the best hot dog! (Dog haus, Five gu..."
vzXYz61U3Gk,We Need Some Time Apart,2020-08-10T23:23:49Z,UCZdQjaSoLjIzFnWsDQOv4ww,Sailing La Vagabonde,19,2020-08-12T00:00:00Z,[None],522114,33294,539,2805,https://i.ytimg.com/vi/vzXYz61U3Gk/default.jpg,False,False,[Episode 261] Life in close quarters can be full on when you're carting your life around on a boat t...
koHs2-xKdEk,2HYPE Goes Shark Fishing!,2020-08-08T23:02:38Z,UCY4AlDv6wL2qhrX29iwdqAg,2HYPE,17,2020-08-12T00:00:00Z,2hype|lsk|kristopher london|jsr|jesser|cash|zackttg|mopi|jiedel,1511079,96619,1823,5975,https://i.ytimg.com/vi/koHs2-xKdEk/default.jpg,False,False,Welcome to the Official 2HYPE Channel! Uploads are Every Saturday!New merch drop August 15th 3pm PST...
hEU_MnFTJ_c,LIVE BIRTH OF OUR BABY BOY *EMOTIONAL*,2020-08-09T17:00:10Z,UCJTyunmsBLj20wyguh6uMig,The Fishfam,22,2020-08-12T00:00:00Z,kyler and mad|taytum and oakley|the fishfam|fishfam|new baby|pregnant|hospital|labor and delivery|de...,1527389,63086,1213,5168,https://i.ytimg.com/vi/hEU_MnFTJ_c/default.jpg,False,False,Meet Oliver Rhett Fisher! This was such a special and emotional day for our family to meet our baby ...
tbsu-AWH-C0,Stephen Sharer - SLUSHIE (Official Music Video),2020-08-10T16:15:11Z,UCDfk8ogO6QGeJAYCY0QDzKw,Stephen Sharer,10,2020-08-12T00:00:00Z,Stephen Sharer|Share The Love|Steven Share|Carter Sharer|Grace Sharer|Steven share|Stephen sharer so...,823262,24171,3573,5204,https://i.ytimg.com/vi/tbsu-AWH-C0/default.jpg,False,False,üëöGET OFFICIAL ‚ÄúSLUSHIE‚Äù MERCH NOW!! ‚îÅ‚ñ∫https://stephensharer.com/Today is the day you all have been ...
MKHriv5r8pk,Meet Kohl (Date #3) | Brooklyn's 10 DATES in 10 DAYS,2020-08-10T21:04:32Z,UC6QWhGQqf0YDYdRb0n6ojWw,Brooklyn and Bailey,24,2020-08-12T00:00:00Z,[None],605678,28828,315,4955,https://i.ytimg.com/vi/MKHriv5r8pk/default.jpg,False,False,"Brooklyn is going on TEN DATES in TEN DAYS! (This #10DatesIn10Days is mostly for fun, but we are all..."
vml4hskxqtE,Every Drive Thru Ever,2020-08-10T16:00:17Z,UCY30JRSgfhYXA6i6xX1erWg,Smosh,23,2020-08-12T00:00:00Z,smosh|smosh pit|smosh games|funny|comedy|Every Drive Thru Ever|every blank ever|smosh every blank ev...,758740,47910,1086,3548,https://i.ytimg.com/vi/vml4hskxqtE/default.jpg,False,False,Because fast food needed to be even MORE convenient. This is EVERY DRIVE THRU EVER!Punch that bell i...
YFn3NtG4bJ8,Collin Morikawa | Best Shots from His Final Round 64 at the 2020 PGA Championship,2020-08-10T01:43:52Z,UCnUYyAtDiyeaobSzKqVE_BA,PGA,17,2020-08-12T00:00:00Z,collin morikawa|2020 pga championship|harding park,253484,1545,118,237,https://i.ytimg.com/vi/YFn3NtG4bJ8/default.jpg,False,False,Collin Morikawa hit clutch shots to separate himself from the pack during the final round of the 202...
vysBEblWBoQ,Lewis sets UFC record! Derrick Lewis v Alexei Oleinik | UFC Highlights,2020-08-09T15:32:04Z,UC4i_9WvfPRTuRWEaWyfKuFw,BT Sport,17,2020-08-12T00:00:00Z,UFC|UFC highlights|MMA|MMA highlights|derrick lewis v alexei oleinik|derrick lewis|lewis v oleinik|U...,471459,5317,239,727,https://i.ytimg.com/vi/vysBEblWBoQ/default.jpg,False,False,Derrick Lewis and Alexei Oleinik went at it with the American coming out on top at the UFC Apex cent...
F82kzN-ae3o,Grilled Ribeye Steak Sausage,2020-08-11T16:15:00Z,UCJLKwTg0IaSMoq6hLHT3CAA,Ordinary Sausage,23,2020-08-12T00:00:00Z,[None],177871,17123,97,3135,https://i.ytimg.com/vi/F82kzN-ae3o/default.jpg,False,False,We ditched the pan for this episode and brought out ol' rusty.Patreon: https://www.patreon.com/ordin...
JXzk8G9aXI8,Avatar Intro but with Animals,2020-08-03T21:51:14Z,UCa0LID3WQdj-bd5KiI-34vw,BLTW,27,2020-08-12T00:00:00Z,avatar|avatar the last airbender|avatar meme|avatar memes,1048314,51361,891,965,https://i.ytimg.com/vi/JXzk8G9aXI8/default.jpg,False,False,"Long ago ‚è±, the four4Ô∏è‚É£ petsüê∂ lived together in harmony ‚òÆÔ∏è Then, everythingüëê changed üòßwhen the Fi..."
GsL8veaFW-s,North Carolina 5.1 magnitude earthquake felt in several surrounding states,2020-08-09T22:37:14Z,UC0ZsHHC_frpcqneDpMiteCQ,WXII 12 News,25,2020-08-12T00:00:00Z,Winston-Salem,210632,1558,121,862,https://i.ytimg.com/vi/GsL8veaFW-s/default.jpg,False,False,North Carolina 5.1 magnitude earthquake felt in several surrounding statesSubscribe to WXII on YouTu...
khhxZRo527Q,Our Fertility Journey: Episode 10,2020-08-09T19:09:03Z,UC0mUI4iBn1ptBZFj_mc35kg,The Perkins,19,2020-08-12T00:00:00Z,baby registry|target baby registry|baby essentials|how to register|preparing for baby|nursery reveal...,420438,24973,372,948,https://i.ytimg.com/vi/khhxZRo527Q/default.jpg,False,False,Week 28-29 Update. Nursery Planning and a 29-week checkup.Thanks to Target for sponsoring this video...
oXTcmpnjdBk,Collin Morikawa Hits Incredible Drive to Win 2020 PGA Championship,2020-08-10T00:49:11Z,UCnUYyAtDiyeaobSzKqVE_BA,PGA,17,2020-08-12T00:00:00Z,collin morikawa|2020 pga championship|harding park,207978,1182,59,182,https://i.ytimg.com/vi/oXTcmpnjdBk/default.jpg,False,False,23-year-old Collin Morikawa hit a near-perfect tee shot to eagle the 16th hole during the final roun...
6rhLJ6T6NDI,WE SECRETLY FILMED THE DOLAN TWINS | Jeff's Barbershop,2020-08-10T19:04:01Z,UCmraHp1nkUsFWLqR7SWToIg,Jeff Wittek,23,2020-08-12T00:00:00Z,Jeff's barbershop|Jeff wittek|vlog squad|David Dobrik|barber|barbershop|haircut|interview|podcast|Et...,1025445,95678,756,4164,https://i.ytimg.com/vi/6rhLJ6T6NDI/default.jpg,False,False,Jeff‚Äôs Barbershop merch is available now at üëáhttps://www.fanjoy.co/jeff Follow my Instagramhttps://...